Pillér,HU_delta,PL_delta
1. Erőforrás- és adottságbázis (INPUT),33.33333333333333,-32.91666666666667
2. Intézményi minőség & jogállamiság (INPUT),0.0,0.0
3. Átalakítási hatékonyság (PROCESS),0.0,-0.7407407407407405
4. Tudás- és innovációs kapacitás (PROCESS),33.33333333333333,-28.750000000000004
5. Piaci integráció & nemzetközi súly (OUTPUT),0.0,-3.137254901960773
6. Társadalmi kimenetek & jóléti minőség (OUTCOME),0.0,0.7843137254901933
7. Fenntarthatóság & kockázati korrekció (RISK),0.0,-0.7407407407407405
8. Rezíliencia & koordinációs képesség (ADAPT),0.0,-0.7407407407407405
