Pillér,HU_contrib,PL_contrib,HU_share_%,PL_share_%
1. Erőforrás- és adottságbázis (INPUT),-9.999999999999996,9.284262850439319,21.428571428571427,22.543163546978153
2. Intézményi minőség & jogállamiság (INPUT),0.0,-7.105427357601002e-16,0.0,1.7252722545009888e-15
3. Átalakítási hatékonyság (PROCESS),0.0,0.844887955182072,0.0,2.0514765317787345
4. Tudás- és innovációs kapacitás (PROCESS),-26.666666666666657,21.581801096506982,57.14285714285713,52.402875661139625
5. Piaci integráció & nemzetközi súly (OUTPUT),3.333333333333333,0.2122297637003438,7.142857142857144,0.5153161160669842
6. Társadalmi kimenetek & jóléti minőség (OUTCOME),6.666666666666669,-7.664368311427137,14.285714285714292,18.60988977930575
7. Fenntarthatóság & kockázati korrekció (RISK),0.0,0.7156084656084645,0.0,1.7375723776552014
8. Rezíliencia & koordinációs képesség (ADAPT),0.0,0.8812247121070638,0.0,2.139705987075567
