Pillér,HU,PL
1. Erőforrás- és adottságbázis (INPUT),66.66666666666667,66.66666666666667
2. Intézményi minőség & jogállamiság (INPUT),66.66666666666667,66.66666666666667
3. Átalakítási hatékonyság (PROCESS),66.66666666666667,66.66666666666667
4. Tudás- és innovációs kapacitás (PROCESS),66.66666666666667,66.66666666666667
5. Piaci integráció & nemzetközi súly (OUTPUT),66.66666666666667,66.66666666666667
6. Társadalmi kimenetek & jóléti minőség (OUTCOME),66.66666666666667,66.66666666666667
7. Fenntarthatóság & kockázati korrekció (RISK),66.66666666666667,66.66666666666667
8. Rezíliencia & koordinációs képesség (ADAPT),66.66666666666667,66.66666666666667
